"area","survived","died","total","prop"
2.86,13,0,13,1
3.95,19,0,19,1
4.75,67,2,69,0.971014492753623
5.36,45,5,50,0.9
6.03,71,8,79,0.89873417721519
6.77,50,20,70,0.714285714285714
7.58,35,31,66,0.53030303030303
8.49,7,49,56,0.125
9.49,1,12,13,0.0769230769230769
